[
  {
    "ExerciseName": "B\u00E4nkpress",
    "WorkoutName": "Br\u00F6st och rygg",
    "WorkoutDate": "2021-03-31T00:00:00",
    "TotalWeight": 3000,
    "TotalSets": 5,
    "TotalReps": 50
  },
  {
    "ExerciseName": "St\u00E5ngrodd",
    "WorkoutName": "Br\u00F6st och rygg",
    "WorkoutDate": "2021-03-31T00:00:00",
    "TotalWeight": 2750,
    "TotalSets": 5,
    "TotalReps": 50
  },
  {
    "ExerciseName": "Kn\u00E4b\u00F6j",
    "WorkoutName": "Ben",
    "WorkoutDate": "2021-04-01T00:00:00",
    "TotalWeight": 3500,
    "TotalSets": 5,
    "TotalReps": 50
  },
  {
    "ExerciseName": "Marklyft",
    "WorkoutName": "Ben",
    "WorkoutDate": "2021-04-01T00:00:00",
    "TotalWeight": 4250,
    "TotalSets": 5,
    "TotalReps": 50
  },
  {
    "ExerciseName": "B\u00E4nkpress",
    "WorkoutName": "Br\u00F6st och rygg",
    "WorkoutDate": "2021-09-30T00:00:00",
    "TotalWeight": 3250,
    "TotalSets": 5,
    "TotalReps": 50
  },
  {
    "ExerciseName": "St\u00E5ngrodd",
    "WorkoutName": "Br\u00F6st och rygg",
    "WorkoutDate": "2021-09-30T00:00:00",
    "TotalWeight": 3000,
    "TotalSets": 5,
    "TotalReps": 50
  },
  {
    "ExerciseName": "Kn\u00E4b\u00F6j",
    "WorkoutName": "Ben",
    "WorkoutDate": "2021-10-01T00:00:00",
    "TotalWeight": 3750,
    "TotalSets": 5,
    "TotalReps": 50
  },
  {
    "ExerciseName": "Marklyft",
    "WorkoutName": "Ben",
    "WorkoutDate": "2021-10-01T00:00:00",
    "TotalWeight": 4500,
    "TotalSets": 5,
    "TotalReps": 50
  },
  {
    "ExerciseName": "B\u00E4nkpress",
    "WorkoutName": "Br\u00F6st och rygg",
    "WorkoutDate": "2022-01-31T00:00:00",
    "TotalWeight": 3500,
    "TotalSets": 5,
    "TotalReps": 50
  },
  {
    "ExerciseName": "St\u00E5ngrodd",
    "WorkoutName": "Br\u00F6st och rygg",
    "WorkoutDate": "2022-01-31T00:00:00",
    "TotalWeight": 3250,
    "TotalSets": 5,
    "TotalReps": 50
  },
  {
    "ExerciseName": "Kn\u00E4b\u00F6j",
    "WorkoutName": "Ben",
    "WorkoutDate": "2022-02-01T00:00:00",
    "TotalWeight": 4000,
    "TotalSets": 5,
    "TotalReps": 50
  },
  {
    "ExerciseName": "Marklyft",
    "WorkoutName": "Ben",
    "WorkoutDate": "2022-02-01T00:00:00",
    "TotalWeight": 4750,
    "TotalSets": 5,
    "TotalReps": 50
  },
  {
    "ExerciseName": "B\u00E4nkpress",
    "WorkoutName": "Br\u00F6st och rygg",
    "WorkoutDate": "2022-02-14T00:00:00",
    "TotalWeight": 3625,
    "TotalSets": 5,
    "TotalReps": 50
  },
  {
    "ExerciseName": "St\u00E5ngrodd",
    "WorkoutName": "Br\u00F6st och rygg",
    "WorkoutDate": "2022-02-14T00:00:00",
    "TotalWeight": 3375,
    "TotalSets": 5,
    "TotalReps": 50
  },
  {
    "ExerciseName": "Kn\u00E4b\u00F6j",
    "WorkoutName": "Ben",
    "WorkoutDate": "2022-02-15T00:00:00",
    "TotalWeight": 4125,
    "TotalSets": 5,
    "TotalReps": 50
  },
  {
    "ExerciseName": "Marklyft",
    "WorkoutName": "Ben",
    "WorkoutDate": "2022-02-15T00:00:00",
    "TotalWeight": 4875,
    "TotalSets": 5,
    "TotalReps": 50
  },
  {
    "ExerciseName": "B\u00E4nkpress",
    "WorkoutName": "Br\u00F6st och rygg",
    "WorkoutDate": "2022-02-28T00:00:00",
    "TotalWeight": 3750,
    "TotalSets": 5,
    "TotalReps": 50
  },
  {
    "ExerciseName": "St\u00E5ngrodd",
    "WorkoutName": "Br\u00F6st och rygg",
    "WorkoutDate": "2022-02-28T00:00:00",
    "TotalWeight": 3500,
    "TotalSets": 5,
    "TotalReps": 50
  },
  {
    "ExerciseName": "Kn\u00E4b\u00F6j",
    "WorkoutName": "Ben",
    "WorkoutDate": "2022-03-01T00:00:00",
    "TotalWeight": 4250,
    "TotalSets": 5,
    "TotalReps": 50
  },
  {
    "ExerciseName": "Marklyft",
    "WorkoutName": "Ben",
    "WorkoutDate": "2022-03-01T00:00:00",
    "TotalWeight": 5000,
    "TotalSets": 5,
    "TotalReps": 50
  },
  {
    "ExerciseName": "B\u00E4nkpress",
    "WorkoutName": "Br\u00F6st och rygg",
    "WorkoutDate": "2022-03-14T00:00:00",
    "TotalWeight": 3875,
    "TotalSets": 5,
    "TotalReps": 50
  },
  {
    "ExerciseName": "St\u00E5ngrodd",
    "WorkoutName": "Br\u00F6st och rygg",
    "WorkoutDate": "2022-03-14T00:00:00",
    "TotalWeight": 3625,
    "TotalSets": 5,
    "TotalReps": 50
  },
  {
    "ExerciseName": "Kn\u00E4b\u00F6j",
    "WorkoutName": "Ben",
    "WorkoutDate": "2022-03-15T00:00:00",
    "TotalWeight": 4375,
    "TotalSets": 5,
    "TotalReps": 50
  },
  {
    "ExerciseName": "Marklyft",
    "WorkoutName": "Ben",
    "WorkoutDate": "2022-03-15T00:00:00",
    "TotalWeight": 5125,
    "TotalSets": 5,
    "TotalReps": 50
  },
  {
    "ExerciseName": "B\u00E4nkpress",
    "WorkoutName": "Br\u00F6st och rygg",
    "WorkoutDate": "2022-03-17T00:00:00",
    "TotalWeight": 6200,
    "TotalSets": 4,
    "TotalReps": 80
  },
  {
    "ExerciseName": "St\u00E5ngrodd",
    "WorkoutName": "Br\u00F6st och rygg",
    "WorkoutDate": "2022-03-17T00:00:00",
    "TotalWeight": 3500,
    "TotalSets": 5,
    "TotalReps": 50
  },
  {
    "ExerciseName": "Kn\u00E4b\u00F6j",
    "WorkoutName": "Ben",
    "WorkoutDate": "2022-03-18T00:00:00",
    "TotalWeight": 4500,
    "TotalSets": 5,
    "TotalReps": 50
  }
]