[
  {
    "WorkoutName": "Br\u00F6st och rygg",
    "WorkoutDate": "2021-03-31T00:00:00",
    "TotalExercises": 2,
    "TotalMusclesWorked": 8,
    "TotalWeightPerWorkout": 5750,
    "TotalSetsPerWorkout": 10,
    "TotalRepsPerWorkout": 100
  },
  {
    "WorkoutName": "Ben",
    "WorkoutDate": "2021-04-01T00:00:00",
    "TotalExercises": 2,
    "TotalMusclesWorked": 10,
    "TotalWeightPerWorkout": 7750,
    "TotalSetsPerWorkout": 10,
    "TotalRepsPerWorkout": 100
  },
  {
    "WorkoutName": "Br\u00F6st och rygg",
    "WorkoutDate": "2021-03-31T00:00:00",
    "TotalExercises": 1,
    "TotalMusclesWorked": 3,
    "TotalWeightPerWorkout": 3000,
    "TotalSetsPerWorkout": 5,
    "TotalRepsPerWorkout": 50
  },
  {
    "WorkoutName": "Br\u00F6st och rygg",
    "WorkoutDate": "2021-03-31T00:00:00",
    "TotalExercises": 2,
    "TotalMusclesWorked": 8,
    "TotalWeightPerWorkout": 5750,
    "TotalSetsPerWorkout": 10,
    "TotalRepsPerWorkout": 100
  },
  {
    "WorkoutName": "Br\u00F6st och rygg",
    "WorkoutDate": "2021-03-31T00:00:00",
    "TotalExercises": 2,
    "TotalMusclesWorked": 8,
    "TotalWeightPerWorkout": 5750,
    "TotalSetsPerWorkout": 10,
    "TotalRepsPerWorkout": 100
  },
  {
    "WorkoutName": "Ben",
    "WorkoutDate": "2021-04-01T00:00:00",
    "TotalExercises": 2,
    "TotalMusclesWorked": 10,
    "TotalWeightPerWorkout": 7750,
    "TotalSetsPerWorkout": 10,
    "TotalRepsPerWorkout": 100
  },
  {
    "WorkoutName": "Br\u00F6st och rygg",
    "WorkoutDate": "2021-09-30T00:00:00",
    "TotalExercises": 2,
    "TotalMusclesWorked": 8,
    "TotalWeightPerWorkout": 6250,
    "TotalSetsPerWorkout": 10,
    "TotalRepsPerWorkout": 100
  },
  {
    "WorkoutName": "Ben",
    "WorkoutDate": "2021-10-01T00:00:00",
    "TotalExercises": 2,
    "TotalMusclesWorked": 10,
    "TotalWeightPerWorkout": 8250,
    "TotalSetsPerWorkout": 10,
    "TotalRepsPerWorkout": 100
  },
  {
    "WorkoutName": "Br\u00F6st och rygg",
    "WorkoutDate": "2022-01-31T00:00:00",
    "TotalExercises": 2,
    "TotalMusclesWorked": 8,
    "TotalWeightPerWorkout": 6750,
    "TotalSetsPerWorkout": 10,
    "TotalRepsPerWorkout": 100
  },
  {
    "WorkoutName": "Ben",
    "WorkoutDate": "2022-02-01T00:00:00",
    "TotalExercises": 2,
    "TotalMusclesWorked": 10,
    "TotalWeightPerWorkout": 8750,
    "TotalSetsPerWorkout": 10,
    "TotalRepsPerWorkout": 100
  },
  {
    "WorkoutName": "Br\u00F6st och rygg",
    "WorkoutDate": "2022-02-14T00:00:00",
    "TotalExercises": 2,
    "TotalMusclesWorked": 8,
    "TotalWeightPerWorkout": 7000,
    "TotalSetsPerWorkout": 10,
    "TotalRepsPerWorkout": 100
  },
  {
    "WorkoutName": "Ben",
    "WorkoutDate": "2022-02-15T00:00:00",
    "TotalExercises": 2,
    "TotalMusclesWorked": 10,
    "TotalWeightPerWorkout": 9000,
    "TotalSetsPerWorkout": 10,
    "TotalRepsPerWorkout": 100
  },
  {
    "WorkoutName": "Br\u00F6st och rygg",
    "WorkoutDate": "2022-02-28T00:00:00",
    "TotalExercises": 2,
    "TotalMusclesWorked": 8,
    "TotalWeightPerWorkout": 7250,
    "TotalSetsPerWorkout": 10,
    "TotalRepsPerWorkout": 100
  },
  {
    "WorkoutName": "Ben",
    "WorkoutDate": "2022-03-01T00:00:00",
    "TotalExercises": 2,
    "TotalMusclesWorked": 10,
    "TotalWeightPerWorkout": 9250,
    "TotalSetsPerWorkout": 10,
    "TotalRepsPerWorkout": 100
  },
  {
    "WorkoutName": "Br\u00F6st och rygg",
    "WorkoutDate": "2022-03-14T00:00:00",
    "TotalExercises": 2,
    "TotalMusclesWorked": 8,
    "TotalWeightPerWorkout": 7500,
    "TotalSetsPerWorkout": 10,
    "TotalRepsPerWorkout": 100
  },
  {
    "WorkoutName": "Ben",
    "WorkoutDate": "2022-03-15T00:00:00",
    "TotalExercises": 2,
    "TotalMusclesWorked": 10,
    "TotalWeightPerWorkout": 9500,
    "TotalSetsPerWorkout": 10,
    "TotalRepsPerWorkout": 100
  },
  {
    "WorkoutName": "Br\u00F6st och rygg",
    "WorkoutDate": "2022-03-17T00:00:00",
    "TotalExercises": 2,
    "TotalMusclesWorked": 8,
    "TotalWeightPerWorkout": 9700,
    "TotalSetsPerWorkout": 9,
    "TotalRepsPerWorkout": 130
  },
  {
    "WorkoutName": "Ben",
    "WorkoutDate": "2022-03-18T00:00:00",
    "TotalExercises": 1,
    "TotalMusclesWorked": 3,
    "TotalWeightPerWorkout": 4500,
    "TotalSetsPerWorkout": 5,
    "TotalRepsPerWorkout": 50
  }
]